algo,N,mean_pulls,std_pulls
Hillel-BAI,10,8342.2,578.1056851476208
Hillel-BAI,20,7702.0,573.2956654292791
Hillel-BAI,30,8810.4,887.3383102289679
Hillel-BAI,40,8568.0,927.4073969944385
Hillel-BAI,50,9953.0,856.5213482453313
EigenTree-BAI,10,8116.6,563.5745636559549
EigenTree-BAI,20,7944.8,534.1998307749639
EigenTree-BAI,30,8680.8,878.4941588878095
EigenTree-BAI,40,8059.2,912.468118456749
EigenTree-BAI,50,9020.0,884.2522264603014
