algo,N,mean_pulls,std_pulls
Hillel-BAI,10,8342.2,578.1056851476206
Hillel-BAI,20,7702.0,573.2956654292791
Hillel-BAI,30,8810.4,887.338310228968
Hillel-BAI,40,8568.0,927.4073969944385
Hillel-BAI,50,9953.0,856.5213482453313
EigenTree-BAI,10,7815.2,584.3964572103429
EigenTree-BAI,20,6873.6,598.1436456236913
EigenTree-BAI,30,8656.8,848.5388118406842
EigenTree-BAI,40,9525.6,907.2761943311419
EigenTree-BAI,50,9307.0,866.2216921781628
